{"great": [-0.1563393713563336, 0.10823205468746859, 0.6268433517636369, -0.7274510252604698, -0.5486378159784269, -0.00558827286509836, -0.49413984499315916, 0.23872259229725798, 0.3188020726121569, -0.2924622095473528], "cool": [-0.11581185302345531, 0.10753308012220592, 0.6335261771370456, -0.761946300024421, -0.5798017846638653, 0.06750181340872698, -0.5781547534707953, 0.2707861707938168, 0.3669551863605371, -0.36132092515400993], "brilliant": [-0.10623375531671841, 0.08393372484249402, 0.5634035958193906, -0.7088188251760065, -0.5815611228665825, 0.06547421102035088, -0.5537970511989287, 0.2791820202426904, 0.31228477677215744, -0.290842462930063], "wonderful": [-0.15463267182473073, 0.0872733531573281, 0.5994494566342911, -0.7473395379644686, -0.5375524739381581, 0.0030345761706018597, -0.534243858039372, 0.24648388324686596, 0.37675552416348346, -0.343681571283485], "well": [-0.10294876354399735, 0.11786158853681614, 0.6165585254224948, -0.6697381628432041, -0.5570224240969501, 0.012906894486164564, -0.5117253098961613, 0.28079049261097333, 0.3898158257415908, -0.2964702061714307], "amazing": [-0.11164527629059302, 0.06507405431057017, 0.6301031585563793, -0.719800971687062, -0.580221144441634, 0.002210430214027053, -0.568951645865457, 0.22675079423964206, 0.4079376987733495, -0.3165348113270464], "worth": [-0.14164280650020641, 0.0508226264380221, 0.5780323635526474, -0.7123361422901558, -0.5915567702153635, 0.06731955158958836, -0.5722025471416894, 0.2884293078854029, 0.36470961359688425, -0.289119690294771], "sweet": [-0.06534849938037371, 0.11404546459238879, 0.65318529561279, -0.6859435717223406, -0.524447737130781, 0.053555624028141596, -0.6166854453890183, 0.22008427566524472, 0.32785237653104377, -0.28282856990514754], "enjoyable": [-0.10727460427198258, 0.07116707657056395, 0.6272981568983055, -0.6816819608963924, -0.5626974884143935, 0.06837957102835304, -0.5499713856782052, 0.23426847272878568, 0.3143394595389169, -0.3126314350771048], "boring": [-0.05711747400791389, 0.049706180114930776, 0.6028332308843681, -0.6876429988966895, -0.565231121220393, -0.02088778184440289, -0.5581005949606892, 0.2721912372894313, 0.30290708923250004, -0.2867815052566788], "bad": [-0.17973341063211162, 0.12174202803189557, 0.5417695864453671, -0.6915543316782069, -0.5900113910970383, -0.007899306992753392, -0.5474309726027156, 0.2844145113999361, 0.33316107994616595, -0.3011297614370554], "dumb": [-0.10307600537652163, 0.0508535221751036, 0.5983170230262829, -0.6988928582450614, -0.5852071799275709, -0.02938229628299235, -0.5443914890021575, 0.20565724363196872, 0.3477591271809052, -0.34794539815112246], "annoying": [-0.11590213191169903, 0.12216103233748427, 0.6045769127367318, -0.706622968460292, -0.5503292166607008, 0.0006824370381051379, -0.5509238891949707, 0.21081932342350487, 0.29900633469430077, -0.3008733721009122], "female": [-0.06241568208149198, 0.07300611554012566, 0.6022391097127401, -0.811423425193146, -0.585437719707836, 0.004620979204913267, -0.6193717878500654, 0.20776810978233237, 0.40646189327539123, -0.32289224870867395], "male": [-0.12437950982745531, 0.10645203429774705, 0.6250871232494738, -0.8096831730934531, -0.6135075854507598, 0.04564575888104211, -0.6497755978599618, 0.2992948840708346, 0.42673461917079897, -0.35251793670267806], "queen": [-0.08748700518803691, 0.1218615326518111, 0.5453129293152529, -0.7152880925231759, -0.5530350226536791, 0.024379760490236026, -0.5246844259815943, 0.2679737101608912, 0.36050864876301897, -0.31082634269863785], "king": [-0.1612841638442218, 0.10350750895738821, 0.6414943657725394, -0.7249528424472548, -0.6046845840900026, 0.013498854146234883, -0.624501405795831, 0.26507421272238224, 0.31161071561989584, -0.36183483808313277], "man": [-0.1648203754015565, 0.12200980221755889, 0.6297167967747046, -0.7616540546486495, -0.5558628683007008, -0.022281258167293448, -0.5486817719666377, 0.21539248135916342, 0.3412433377227755, -0.3567339080335103], "woman": [-0.11210757692887896, 0.06512411733376255, 0.6550992953716761, -0.7497884530589608, -0.5643314445317505, -0.0002041974999959877, -0.5870254534981864, 0.20171895980842341, 0.3780746678243466, -0.3304197688574384], "rain": [-0.12267438215156917, 0.07664476263029617, 0.6235648585430059, -0.7541665568321556, -0.5985462178302425, 0.05166611592323487, -0.6046977765156601, 0.26186086556754007, 0.36691416622282835, -0.364081735459521], "snow": [-0.087556054470681, 0.1027817206509226, 0.5738323482884242, -0.7919148615811483, -0.6264798171551219, 0.03472129981253935, -0.5852543162838495, 0.29133838138558865, 0.3833243587809556, -0.36040718160501733], "hail": [-0.0902191467694479, 0.09471424081187957, 0.48112684346190804, -0.6279667240924444, -0.4187204151502617, 0.01428012838999771, -0.50368939567139, 0.22370442039086685, 0.29366554949062174, -0.31498259168941745], "coffee": [-0.05918535513298502, 0.05022987250747835, 0.5367804006570975, -0.730567809515457, -0.5611687083876079, -0.013913254821578108, -0.54457019266418, 0.2631607038670924, 0.2869252444076076, -0.2841145598572082], "tea": [-0.13087487941817133, 0.10138808488486332, 0.6342288421029044, -0.7683574185174907, -0.5357713565633574, 0.04242257867137325, -0.5192190558753408, 0.22479915499086328, 0.3240561382772096, -0.3190212451661664]}